model,Brier score,precision,recall,modified Brier score,F1 score
Bayesian network,0.263424,0.482,0.895,0.034498,0.624
Naive Bayes,0.64368,0.565,0.695,0.076137,0.622
Neural network,0.630378,0.558,0.703,0.064904,0.603
k-NN,0.735015,0.503,0.694,0.159308,0.582
