,k,Brier score,precision,recall,F1,profit,modified Brier score
0,1.0,0.6098622740765959,0.5447935522775188,0.761546436342489,0.6318924598980615,-0.12255544264396243,0.042380780708203544
1,2.0,0.6120501275273089,0.5293630123721897,0.7991620031137131,0.6344743229110552,-0.09982354664469491,0.04478376822911385
2,3.0,0.6108411880865576,0.5431292304476047,0.7645504547691575,0.6331908104658586,-0.09718736610821245,0.04836821749310884
3,4.0,0.6278066383866028,0.5278867175612146,0.7735938293031586,0.6254329434297783,-0.09279511123317798,0.059240419080929786
4,5.0,0.6464686845076933,0.5289021279271694,0.7327114165880146,0.6114584868934313,-0.1615801977478715,0.0705533164309984
5,6.0,0.6441016971305227,0.5273990370886156,0.749838084629108,0.6138559834382613,-0.09271931703744422,0.0762288565359433
6,7.0,0.6518097376085831,0.5275575985090547,0.7457330227164729,0.6131628145027003,-0.12298705483841457,0.0828461141129013
7,8.0,0.6590375537403191,0.5251694451367677,0.7535762928087669,0.6169515668964711,-0.09228638652384906,0.09246137025836021
8,9.0,0.6659147041584271,0.5129441788249983,0.7360431853463717,0.6027081622605654,-0.13556839696054218,0.08662579369428072
