,k,Brier score,precision,recall,F1,profit,modified Brier score
0,1.0,204.30467542031207,0.5224717315460699,0.858315928573268,0.6466369646932927,-0.08569552320791018,16.30393339422354
1,2.0,201.92701433079316,0.5236932038557939,0.8522505639639434,0.6469549959632799,-0.0828271994873206,14.821908733612446
2,3.0,204.943536768263,0.5587419831969334,0.7148388103205494,0.6174782445866183,-0.11067177515334643,16.281780269524024
3,4.0,206.82873858671033,0.5133089132349993,0.8170865879073876,0.6274899546785597,-0.08760199578870294,17.153391096293106
4,5.0,211.85182271065864,0.5265481197430395,0.7552473892490388,0.6177216593002036,-0.09538711892337311,22.827556899702376
5,6.0,211.0497576839826,0.5314617421092158,0.7599685184231815,0.6211500637404868,-0.07524686441453836,24.069514694640727
6,7.0,221.81236624612035,0.5200918100288187,0.7188970327755629,0.6005501175813469,-0.13976251029936862,32.25836092393444
7,8.0,224.21213583935779,0.5176009566823044,0.6957529640041376,0.590370088585195,-0.11552758399707064,34.38442972169362
8,9.0,222.50028700037083,0.5239754484098924,0.7028193789968465,0.5987216234204932,-0.08326133846013012,34.53574072405986
