,k,Brier score,precision,recall,F1,profit,modified Brier score
0,1.0,0.6140153754984047,0.5348444192017575,0.7870715164434212,0.6334530820234632,-0.09087022795935187,0.04450998231509541
1,2.0,0.6151018933865545,0.532333211311725,0.8151819355510378,0.6406289373159044,-0.12322683328755882,0.0475837904015721
2,3.0,0.618110829198234,0.5290140169935567,0.800228027315943,0.6342917329661011,-0.11259682321706517,0.04849427583592468
3,4.0,0.6334000819384377,0.5271401337751949,0.7573718470195678,0.619272367337527,-0.10614660807470506,0.06016654854616873
4,5.0,0.6309321595737194,0.5161454513293362,0.7809976416631352,0.6182542896283865,-0.08599124782568915,0.059834315327680646
5,6.0,0.6563031146480143,0.5279419822432079,0.7381860720939051,0.6124316054426081,-0.10541950929231918,0.08794487568048785
6,7.0,0.6412284481918722,0.5176861410749182,0.7755112709949653,0.6186272838262347,-0.11843629039641138,0.06651271373523714
7,8.0,0.6621055020546158,0.5112712090088101,0.7464881990061,0.6060147932302948,-0.07147703011993065,0.08450309610485787
8,9.0,0.6542977833422979,0.5251937927314672,0.7668285343020258,0.6215558163148145,-0.06692085507644444,0.08401887471860844
